{
  "version": "1.0",
  "exportedAt": "2025-12-27T08:56:56.572Z",
  "prompts": [
    {
      "prompt_key": "chat.closing",
      "category": "chat",
      "name": "종료 메시지",
      "description": "대화 종료 시 AI의 마무리 메시지입니다",
      "variables": [],
      "filename": "chat/chat_closing.md"
    },
    {
      "prompt_key": "chat.greeting",
      "category": "chat",
      "name": "첫 인사말",
      "description": "대화 시작 시 AI의 첫 메시지입니다",
      "variables": [],
      "filename": "chat/chat_greeting.md"
    },
    {
      "prompt_key": "chat.personality",
      "category": "chat",
      "name": "AI 성격 정의",
      "description": "AI의 전반적인 성격과 대화 스타일을 정의합니다",
      "variables": [],
      "filename": "chat/chat_personality.md"
    },
    {
      "prompt_key": "chat.phase_early",
      "category": "chat",
      "name": "초반 대화 가이드",
      "description": "초반 대화 단계(질문 1-2회)에서의 AI 가이드라인입니다",
      "variables": [],
      "filename": "chat/chat_phase_early.md"
    },
    {
      "prompt_key": "chat.phase_late",
      "category": "chat",
      "name": "후반 대화 가이드",
      "description": "후반 대화 단계(질문 5회 이상)에서의 AI 가이드라인입니다",
      "variables": [],
      "filename": "chat/chat_phase_late.md"
    },
    {
      "prompt_key": "chat.phase_mid",
      "category": "chat",
      "name": "중반 대화 가이드",
      "description": "중반 대화 단계(질문 3-4회)에서의 AI 가이드라인입니다",
      "variables": [],
      "filename": "chat/chat_phase_mid.md"
    },
    {
      "prompt_key": "chat.response_format",
      "category": "chat",
      "name": "응답 형식",
      "description": "AI 응답의 JSON 형식을 정의합니다",
      "variables": [],
      "filename": "chat/chat_response_format.md"
    },
    {
      "prompt_key": "chat.schedule_detection",
      "category": "chat",
      "name": "일정 감지 규칙",
      "description": "대화에서 미래 일정을 감지하는 규칙입니다. {{today}}는 오늘 날짜로 치환됩니다",
      "variables": [
        "{{today}}"
      ],
      "filename": "chat/chat_schedule_detection.md"
    },
    {
      "prompt_key": "diary.metadata_extraction",
      "category": "diary",
      "name": "메타데이터 추출",
      "description": "일기에서 메타데이터를 추출하는 프롬프트입니다",
      "variables": [],
      "filename": "diary/diary_metadata_extraction.md"
    },
    {
      "prompt_key": "diary.write_style",
      "category": "diary",
      "name": "일기 작성 스타일",
      "description": "일기 생성 시 사용하는 스타일 가이드입니다. {{dateInfo}}는 작성일시로 치환됩니다",
      "variables": [
        "{{dateInfo}}"
      ],
      "filename": "diary/diary_write_style.md"
    },
    {
      "prompt_key": "schedule.parsing",
      "category": "schedule",
      "name": "일정 파싱 프롬프트",
      "description": "사용자 입력에서 일정 정보를 추출하는 프롬프트입니다. {{referenceDate}}, {{currentScheduleContext}}, {{conversationContext}}가 치환됩니다",
      "variables": [
        "{{referenceDate}}",
        "{{currentScheduleContext}}",
        "{{conversationContext}}"
      ],
      "filename": "schedule/schedule_parsing.md"
    }
  ]
}